ticker,sector_code,industry_code
A,3,20
AA,2,37
AAAP,3,20
AABA,4,5
AACG,3,3
AAL,6,49
AAN,3,3
AAOI,7,15
AAON,7,56
AAP,6,10
AAPL,0,39
AAWW,7,29
ABBNY,7,50
ABBV,3,11
ABCL,3,7
ABCM,3,7
ABCO,3,3
ABEO,3,7
ABEV,3,19
ABG,6,10
ABMD,3,20
ABNB,4,5
ABR,5,21
ABT,3,20
ABUS,3,7
ABVEF,3,33
ABVX,3,11
ACAD,3,7
ACAS,5,60
ACB,3,11
ACC,5,21
ACGL,5,14
ACH,3,11
ACHC,3,4
ACHN,3,7
ACHR,7,34
ACI,3,33
ACIA,4,28
ACLS,0,23
ACLX,3,7
ACM,7,48
ACN,0,39
ADAM,5,21
ADBE,0,0
ADC,5,21
ADI,0,23
ADM,3,42
ADMA,3,7
ADNT,6,27
ADP,3,3
ADPT,3,20
ADSK,0,0
ADSW,7,44
ADT,3,3
ADTN,4,28
ADVS,0,0
ADXS,3,7
AEE,1,1
AEGR,3,7
AEHR,0,23
AEIS,7,15
AEM,2,37
AEO,6,10
AEP,1,1
AER,5,17
AERI,3,11
AES,3,11
AET,3,4
AFG,5,14
AFL,5,14
AFRM,3,3
AFSI,5,14
AG,2,37
AGI,2,37
AGIO,3,11
AGL,3,4
AGN,3,11
AGNC,5,21
AGNT,5,58
AGO,5,14
AGR,1,1
AGU,2,2
AGX,7,48
AHL,5,14
AHR,5,21
AHT,5,21
AI,0,0
AIG,5,14
AIMC,7,38
AIMT,3,11
AIRC,5,21
AIRM,3,4
AIT,7,38
AIV,5,21
AIZ,5,14
AJG,5,14
AJRD,7,34
AKAM,0,0
AKAOQ,3,11
AKRO,3,7
AKS,2,6
AL,5,17
ALAB,0,23
ALB,2,2
ALC,3,20
ALDR,3,7
ALFIQ,0,0
ALGM,0,23
ALGN,3,20
ALGT,6,49
ALIT,3,3
ALK,6,49
ALKS,3,11
ALL,5,14
ALLE,7,15
ALLGF,6,10
ALLK,3,7
ALLO,3,7
ALLY,5,17
ALM,2,37
ALNY,3,7
ALPN,3,7
ALR,3,20
ALSN,6,27
ALT,3,7
ALTM,2,2
ALTO,8,63
ALTR,0,0
ALU,4,28
ALV,6,27
ALXN,3,7
AM,8,41
AMAG,3,7
AMAT,0,23
AMBA,0,23
AMC,6,31
AMCR,7,12
AMCX,4,13
AMD,0,23
AME,7,50
AMED,3,4
AMG,5,17
AMGN,3,7
AMH,5,21
AMKR,0,23
AMLX,3,11
AMN,3,3
AMP,5,17
AMPL,0,0
AMPX,7,34
AMR,8,62
AMRN,3,7
AMRSQ,2,2
AMRZ,7,56
AMSG,3,4
AMT,5,21
AMTD,5,17
AMTM,0,39
AMWL,3,4
AMX,4,28
AMZN,4,5
AN,4,5
ANAB,3,7
ANAC,3,11
ANDV,8,24
ANET,4,28
ANF,6,10
ANGH,4,5
ANGI,4,5
ANN,6,10
ANRZQ,8,62
ANSS,0,0
ANVS,3,7
ANY,0,0
AOL,4,5
AON,5,14
AOS,7,26
APA,8,24
APC,8,24
APD,2,2
APFH,6,70
APG,6,70
APH,7,15
APHA,3,11
API,0,0
APKT,4,28
APLD,4,28
APLE,5,21
APLS,3,7
APO,5,17
APOL,3,3
APP,4,5
APPF,0,0
APPN,0,0
APPS,0,0
APRN,3,33
APT,3,20
APTI,0,0
APTV,6,27
AQN,1,1
AQUA,7,44
AR,8,24
ARB,3,3
ARCB,7,29
ARCC,5,60
ARCH,8,62
ARCT,3,7
ARDX,3,7
ARE,5,21
AREC,8,62
ARES,5,17
ARG,2,2
ARGX,3,7
ARI,5,21
ARIA,3,7
ARM,0,23
ARMH,0,23
ARMK,6,70
ARNA,3,7
ARNC,2,37
AROC,8,47
AROPQ,6,10
ARQL,3,7
ARQQ,0,39
ARR,5,21
ARRS,4,28
ARRY,8,63
ARUN,4,28
ARVN,3,11
ARW,7,15
ARWR,3,7
AS,3,7
ASAN,0,0
ASB,5,8
ASH,2,2
ASNAQ,6,10
ASND,3,11
ASO,6,10
ASPN,7,56
ASPS,5,17
ASPX,3,11
ASST,5,17
ASTH,3,4
ASTR,7,34
ASTS,4,28
ASX,0,23
ATER,6,46
ATH,5,14
ATHL,8,24
ATHM,4,5
ATHN,0,0
ATI,7,34
ATKR,7,15
ATML,0,23
ATMU,0,23
ATO,1,32
ATOS,3,7
ATVI,0,0
ATW,8,24
ATXG,3,3
AU,2,37
AUDAQ,4,13
AUPH,3,7
AUQ,2,37
AUR,6,27
AUXL,3,11
AUY,2,37
AVA,1,1
AVAV,7,34
AVB,5,21
AVGO,0,23
AVIR,3,7
AVLR,0,0
AVNR,3,11
AVNS,3,20
AVNT,7,26
AVP,3,55
AVT,7,15
AVTR,3,20
AVXL,3,7
AVXS,3,7
AVY,3,16
AVYAQ,0,0
AWAY,4,5
AWHHF,5,14
AWI,7,56
AWK,1,64
AX,5,45
AXE,6,51
AXLL,2,2
AXNX,3,20
AXON,7,26
AXP,5,17
AXS,5,14
AXSM,3,7
AXTA,2,2
AXTI,0,23
AYI,7,50
AYX,0,0
AZEK,7,56
AZN,3,11
AZO,6,10
AZPN,0,0
AZTA,3,20
B,2,37
BA,7,34
BABA,4,5
BAC,5,8
BAH,3,3
BALL,7,12
BAM,5,17
BAND,0,0
BAP,5,8
BASXQ,8,47
BATL,8,24
BAX,3,20
BB,0,39
BBAI,0,0
BBBY,4,5
BBBYQ,6,10
BBD,5,8
BBG,8,24
BBIG,6,52
BBIO,3,7
BBL,2,37
BBWI,6,10
BBY,6,10
BC,6,22
BCE,4,28
BCEI,8,24
BCO,3,3
BCR,3,20
BCRX,3,7
BCS,5,8
BDN,5,21
BDX,3,11
BE,7,25
BEAM,3,7
BEAT,3,20
BEAV,7,34
BECN,6,10
BEE,5,21
BEKE,5,58
BEL,6,36
BEN,5,17
BERY,7,12
BEST,7,29
BF.B,3,19
BFAM,3,3
BFH,5,17
BFLY,3,20
BFT,9,66
BFXXQ,6,22
BG,3,42
BGC,7,50
BGFV,6,10
BGS,3,33
BHC,3,11
BHF,5,14
BHI,8,47
BHP,2,37
BHVN,3,7
BID,3,3
BIDU,4,5
BIGGQ,6,10
BIIB,3,7
BILI,4,5
BILL,0,0
BINI,6,35
BIO,3,7
BIORQ,3,20
BIRD,4,5
BIRK,6,43
BITA,0,0
BITF,5,60
BIVV,3,7
BJ,6,10
BKD,3,4
BKH,1,1
BKI,0,0
BKKT,5,17
BKNG,4,5
BKR,8,47
BKS,6,10
BKU,5,8
BKW,6,10
BL,0,0
BLC,4,13
BLD,7,48
BLDP,8,63
BLDR,7,56
BLK,5,17
BLKB,0,0
BLMN,6,10
BLNK,6,10
BLOX,4,28
BLSH,0,0
BLU,3,7
BLUE,3,7
BMA,5,8
BMBL,4,5
BMC,0,0
BMNR,5,17
BMO,5,8
BMR,5,21
BMRN,3,7
BMS,7,12
BMY,3,11
BN,5,79
BNAI,0,0
BNGO,3,20
BNL,5,21
BNS,5,8
BNTX,3,7
BNY,5,8
BOBE,3,33
BOH,5,8
BOLD,3,7
BOOT,6,10
BOX,0,0
BP,8,24
BPMC,3,7
BPO,5,58
BPOP,5,8
BPYU,5,21
BR,0,0
BRBR,3,11
BRCD,0,39
BRCM,0,23
BRE,5,21
BRFS,3,33
BRK.A,5,14
BRK.B,5,14
BRKR,3,20
BRO,5,14
BROS,6,10
BRSL,6,31
BRX,5,21
BRY,8,24
BSBR,5,8
BSFT,5,8
BSMX,5,8
BSX,3,20
BSY,0,0
BTBT,5,60
BTDR,5,60
BTE,8,24
BTG,2,37
BTI,3,42
BTQ,0,0
BTSG,3,4
BTU,8,62
BTUUQ,8,62
BTWN,9,66
BUD,3,19
BUFF,3,33
BULL,5,17
BURL,6,10
BVN,2,37
BWA,6,27
BWLD,6,10
BWXT,7,25
BX,5,79
BXLT,3,11
BXMT,5,21
BXP,5,21
BYD,6,36
BYI,6,31
BYND,3,33
BYSI,3,11
BZ,4,5
BZH,4,5
BZUN,4,5
C,5,8
CA,0,0
CAA,6,54
CAB,6,10
CABO,4,13
CACC,5,17
CACI,0,39
CADE,5,8
CADX,3,11
CAG,3,33
CAH,3,11
CAJPY,0,40
CAKE,6,10
CALD,0,0
CALM,3,33
CALX,4,28
CALY,6,22
CAM,8,47
CAMT,0,23
CAN,0,23
CANOQ,3,4
CAR,3,3
CARG,4,5
CARR,7,56
CARS,4,5
CART,4,5
CASY,6,10
CAT,7,25
CAVA,7,25
CAVM,0,23
CB,5,14
CBAT,6,27
CBAY,3,7
CBDBY,3,33
CBI,7,48
CBLAQ,5,21
CBM,3,7
CBOE,3,7
CBPO,3,7
CBRE,5,58
CBRL,6,10
CBRS,0,23
CBST,3,7
CC,2,2
CCC,0,0
CCCC,3,7
CCE,3,19
CCEP,3,19
CCI,5,21
CCJ,2,37
CCK,7,12
CCL,6,22
CCMP,0,23
CCP,5,21
CCSI,0,0
CCXI,3,7
CDE,2,37
CDK,0,0
CDLX,4,5
CDNS,0,0
CDP,5,21
CDTX,3,11
CDW,4,5
CE,2,2
CEB,3,3
CEG,1,1
CEIN,8,24
CELC,3,7
CELG,3,7
CELH,3,19
CELL,3,7
CENN,6,35
CENX,2,37
CEO,8,24
CEP,9,66
CERE,3,7
CERN,0,0
CF,0,0
CFG,5,8
CFLT,0,0
CFN,3,20
CFR,5,8
CG,5,79
CGC,3,11
CGNX,7,38
CHD,3,16
CHDN,6,31
CHE,3,4
CHGG,3,4
CHH,6,36
CHKAQ,8,24
CHKP,0,39
CHL,4,28
CHNG,0,0
CHPT,7,50
CHRD,8,24
CHRW,7,29
CHS,6,10
CHTR,4,13
CHWY,4,5
CHX,8,47
CHYM,0,0
CI,3,4
CIEIQ,8,24
CIEN,4,28
CIFR,5,60
CIG,1,1
CIIC,9,66
CIM,5,21
CINF,5,14
CIT,5,8
CIVI,8,24
CJES,8,47
CJESQ,8,47
CL,3,55
CLAR,6,22
CLB,8,47
CLC,7,26
CLDR,0,0
CLDX,3,7
CLF,2,6
CLGX,3,3
CLH,7,44
CLNE,6,10
CLNY,5,21
CLOV,3,4
CLR,8,24
CLS,7,15
CLSK,5,60
CLVSQ,3,11
CLVT,3,3
CLWR,4,28
CLX,3,16
CM,5,8
CMA,5,8
CMBT,7,29
CMC,2,6
CMCM,0,0
CMCSA,4,13
CMCSK,4,13
CME,5,17
CMG,6,10
CMI,6,35
CMPR,3,3
CMPS,3,11
CMRC,0,0
CMRX,3,11
CMS,1,1
CNC,3,4
CNDT,0,39
CNH,7,38
CNI,7,29
CNK,6,31
CNL,1,1
CNM,6,51
CNMD,3,20
CNO,5,14
CNP,1,1
CNQ,1,1
CNQR,0,0
CNR,8,62
CNVR,4,5
CNW,7,29
CNX,8,24
CNXC,0,0
CODE,0,39
CODX,3,20
COF,5,17
COGT,3,7
COHR,7,15
COIN,5,17
COKE,3,19
COL,7,34
COLB,5,8
COLD,5,21
COLE,5,21
COLM,6,43
COMP,5,58
CONE,5,21
CONNQ,6,10
COO,3,20
COOP,5,17
COP,8,24
COR,5,21
CORT,3,11
CORZ,5,60
COST,6,10
COTY,3,55
COUP,0,0
COUR,3,3
CP,7,29
CPA,6,49
CPAY,3,3
CPB,3,33
CPE,8,24
CPGX,8,41
CPHD,3,20
CPN,1,1
CPNG,4,5
CPPRQ,6,10
CPRI,6,43
CPRT,6,51
CPRX,3,11
CPSH,4,28
CPT,5,21
CPWR,0,0
CPXX,3,7
CR,7,38
CRBG,5,14
CRC,8,24
CRCL,5,17
CRCQQ,8,24
CRDO,0,23
CRGY,8,24
CRH,7,56
CRI,6,43
CRIS,3,7
CRK,8,24
CRL,3,4
CRM,0,0
CRML,2,37
CRNC,0,0
CRON,3,16
CROX,6,43
CRRTQ,8,47
CRS,2,6
CRSP,3,7
CRSR,0,39
CRTO,0,39
CRUS,0,23
CRWD,0,39
CRWV,0,0
CRZO,8,24
CS,5,8
CSC,0,39
CSCO,4,28
CSGP,5,58
CSIQ,8,63
CSL,7,56
CSOD,0,0
CSRA,0,39
CST,6,10
CSW,7,38
CSX,7,29
CTAS,3,3
CTB,6,27
CTLT,3,4
CTRA,8,24
CTRE,5,21
CTRM,7,29
CTRX,3,11
CTSH,0,39
CTVA,3,7
CTXR,3,11
CTXS,0,0
CUBE,5,21
CUZ,5,21
CVA,7,44
CVAC,3,7
CVC,3,7
CVCO,6,54
CVD,3,4
CVE,8,24
CVEO,3,3
CVET,3,11
CVH,3,4
CVI,8,24
CVLT,0,0
CVNA,6,10
CVS,3,11
CVSA,3,3
CVT,0,0
CVX,8,24
CW,7,34
CWAN,0,0
CWEI,8,24
CWH,6,10
CWST,7,44
CX,7,56
CXO,8,24
CXW,3,3
CY,0,23
CYBR,0,39
CYBX,3,20
CYH,3,4
CYMI,7,15
CYN,5,8
CYNO,3,20
CYRX,7,29
CYS,5,21
CYT,2,2
CYTK,3,7
CZR,6,31
D,1,1
DADA,4,5
DAL,6,49
DAN,6,27
DANG,4,5
DAR,3,42
DASH,4,5
DATA,0,0
DAVE,5,17
DAY,0,0
DB,5,8
DBDQQ,0,39
DBI,6,10
DBRG,5,17
DBX,0,0
DCFCQ,7,50
DCH,6,27
DCI,7,26
DCT,5,21
DD,2,2
DDD,0,39
DDOG,0,0
DDS,6,10
DE,7,38
DECK,6,43
DEI,5,21
DELL,0,39
DEN,8,24
DEO,3,19
DFODQ,3,33
DFS,5,17
DFT,5,21
DFTX,3,7
DG,6,10
DGI,4,28
DGX,3,4
DHC,5,21
DHI,6,54
DHR,3,20
DICE,3,7
DIDIY,4,5
DIN,6,10
DINO,8,24
DIS,4,13
DISCA,4,13
DISCK,4,13
DISH,4,13
DJCO,0,0
DJT,4,5
DK,8,24
DKNG,6,31
DKS,6,10
DLB,6,46
DLO,3,3
DLPH,6,27
DLR,5,21
DLTR,6,10
DM,0,39
DMTKQ,3,20
DNA,3,4
DNB,3,3
DNKN,6,10
DNMRQ,6,10
DNN,2,37
DNOW,8,47
DNUT,6,10
DOC,5,21
DOCN,0,0
DOCS,0,0
DOCU,0,0
DOFSQ,8,24
DOOR,7,56
DOV,7,38
DOW,2,2
DOX,0,39
DOYU,4,5
DPRO,0,39
DPZ,6,10
DQ,2,2
DRC,8,47
DRE,5,21
DRI,6,10
DRII,6,36
DRNA,3,7
DRUG,3,7
DRYS,7,29
DST,0,39
DT,0,0
DTE,1,1
DTM,8,41
DTV,4,13
DUK,1,1
DUOL,0,0
DV,0,0
DVA,3,4
DVAX,3,7
DVLT,0,0
DVN,8,24
DWA,6,31
DWRE,0,0
DXC,0,39
DXCM,3,11
DXYZ,5,60
DY,7,48
DYAX,3,11
DYN,1,1
E,8,24
EA,0,0
EAT,6,10
EBAY,4,5
EBC,5,8
EBON,0,39
EBS,3,7
EC,8,24
ECA,8,24
ECG,7,48
ECL,2,2
ECYT,3,7
ED,1,1
EDIT,3,7
EDR,4,13
EDU,3,3
EEFT,3,3
EFII,0,39
EFOR,0,39
EFX,3,3
EG,5,14
EGHT,0,0
EGN,8,24
EGO,2,37
EGP,5,21
EGRX,3,11
EH,7,48
EHTH,5,14
EIX,1,1
EL,3,55
ELAN,3,11
ELF,3,55
ELLI,5,17
ELN,3,11
ELS,5,21
ELV,3,4
EMBC,3,20
EMBJ,7,34
EMC,0,39
EME,0,39
EMN,#N/A,#N/A
EMR,7,15
ENB,8,41
ENDPQ,3,11
ENH,5,14
ENOV,3,20
ENPH,8,63
ENR,7,50
ENSG,3,4
ENTG,0,23
ENV,0,0
ENVX,7,15
EOG,8,24
EOSE,8,24
EPAM,0,39
EPAY,0,0
EPC,3,55
EPEGQ,8,24
EPL,8,24
EPR,5,21
EPRT,5,21
EQ,3,7
EQC,5,21
EQH,5,21
EQIX,5,21
EQNR,8,24
EQR,5,21
EQT,8,24
EQX,2,37
EQY,5,21
ERAS,3,7
ERF,8,24
ERIC,4,28
ERIE,5,14
ERNA,3,7
ES,1,1
ESI,2,2
ESL,7,34
ESLT,7,34
ESNT,7,34
ESPR,3,7
ESRX,3,11
ESS,5,21
ESTC,0,0
ET,4,5
ETFC,4,5
ETN,7,50
ETOR,4,5
ETR,1,1
ETRN,8,41
ETSY,4,5
EV,5,17
EVBG,0,0
EVER,5,45
EVGO,6,10
EVH,0,0
EVHC,3,4
EVR,5,17
EVRG,1,1
EW,3,20
EWBC,5,8
EXAS,3,20
EXC,1,1
EXE,8,24
EXEL,3,7
EXK,2,37
EXLS,0,39
EXP,7,56
EXPD,7,29
EXPE,4,5
EXPRQ,6,10
EXR,5,21
EXTR,4,28
EXXIQ,8,24
EYE,6,10
F,6,35
FABC,6,35
FAF,6,35
FANG,8,24
FAST,6,51
FATE,3,7
FBIN,7,56
FCEL,8,63
FCN,3,3
FCNCA,5,8
FCPT,5,21
FCS,0,23
FCUV,0,39
FCX,2,37
FDC,0,0
FDO,6,10
FDS,4,13
FDX,7,29
FE,1,1
FEIC,7,15
FER,7,48
FERG,6,10
FFAI,6,35
FFIV,4,5
FHB,5,8
FHI,5,17
FHN,5,8
FICO,0,0
FIG,0,0
FIGR,5,17
FIGS,4,5
FIO,0,39
FIRE,4,5
FIS,0,0
FISV,0,0
FIT,7,15
FITB,5,8
FIVE,6,10
FIVN,0,0
FIX,7,48
FIZZ,3,19
FJET,7,34
FL,6,10
FLEX,7,15
FLG,5,8
FLGT,3,4
FLIR,7,15
FLNA,3,7
FLNC,8,63
FLO,3,33
FLR,7,48
FLS,7,38
FLTX,0,39
FLUT,6,31
FLXN,3,11
FLY,7,34
FMC,7,34
FMCN,4,30
FMER,5,8
FMI,3,20
FMSA,2,37
FMX,3,19
FN,7,26
FNB,5,8
FND,6,10
FNF,5,14
FNFG,5,45
FNSR,4,28
FNV,2,37
FOCS,5,17
FOLD,3,7
FORM,0,23
FOSL,6,43
FOUR,3,3
FOX,4,13
FOXA,4,13
FOXF,6,27
FPS,7,25
FR,5,21
FRANQ,6,10
FRCB,5,8
FRMI,5,21
FRMM,5,60
FRO,7,29
FROG,0,0
FRPT,6,10
FRSH,0,0
FRSX,6,27
FRT,5,21
FRVO,1,1
FRX,3,11
FSCT,0,39
FSL,0,23
FSLR,8,63
FSLY,0,0
FSM,2,37
FSRNQ,6,35
FTAI,7,34
FTCHQ,4,5
FTDR,7,48
FTFT,4,5
FTI,8,47
FTNT,0,39
FTRCQ,4,28
FTRE,4,28
FTSV,3,7
FTV,7,15
FUBO,4,5
FUEL,4,5
FULC,3,11
FUN,6,31
FUTU,5,17
FUVV,6,35
FVRR,4,5
FWRD,7,29
FYBR,4,28
G,0,39
GAN,0,39
GAP,6,10
GAS,1,32
GBT,3,7
GBX,7,57
GCI,4,13
GCO,6,10
GCT,0,0
GD,7,34
GDDY,4,5
GDI,7,38
GDOT,3,3
GDRX,3,11
GDS,4,28
GE,7,34
GEHC,3,20
GEMI,0,0
GEN,4,5
GEO,3,3
GERN,3,7
GES,6,10
GETY,4,5
GEV,7,25
GEVA,3,7
GEVO,8,63
GFI,2,37
GFL,7,44
GFS,0,23
GG,2,37
GGAL,5,8
GGB,2,6
GGG,7,38
GGP,5,21
GGPI,9,66
GH,3,20
GHC,3,3
GHDX,3,20
GIII,6,51
GIL,6,51
GILD,3,7
GIMO,4,28
GIS,3,33
GKOS,3,20
GL,5,14
GLBE,0,0
GLFE,6,22
GLIBA,4,28
GLNG,8,41
GLOB,0,39
GLOG,7,29
GLPI,7,29
GLSI,3,7
GLUU,0,0
GLW,4,28
GLXY,5,17
GM,6,35
GMBL,6,31
GMCR,3,19
GME,6,10
GMED,3,20
GMS,6,10
GNCIQ,6,10
GNOG,6,31
GNRC,7,50
GNTX,6,27
GNW,5,14
GO,3,33
GOCO,-1,-1
GOEVQ,6,35
GOGL,7,29
GOGO,4,28
GOLD,2,37
GOOG,4,5
GOOGL,4,5
GOOS,6,43
GOTU,3,3
GPC,6,10
GPCR,3,7
GPI,6,10
GPK,7,12
GPN,3,3
GPORQ,8,24
GPRE,8,63
GPRO,7,15
GPT,5,21
GRA,2,2
GRAB,4,5
GRAL,3,20
GREE,3,3
GRMN,7,15
GRPN,4,5
GRRR,0,39
GRT,5,21
GRTSQ,3,11
GRUB,4,5
GRWG,6,10
GS,5,8
GSAT,4,28
GSK,4,28
GSKY,3,3
GT,6,27
GTATQ,0,23
GTES,7,38
GTLB,0,0
GTLS,7,38
GTM,7,38
GTX,6,27
GWPH,3,11
GWR,7,29
GWRE,0,0
GWW,6,51
GXO,7,29
GXP,1,1
H,6,36
HA,6,36
HABT,6,10
HAE,3,20
HAIN,3,33
HAL,8,47
HALO,3,7
HAR,6,46
HAS,6,52
HASI,5,60
HAWK,5,17
HBAN,5,8
HBI,6,43
HBM,2,37
HCA,3,4
HCBK,5,45
HCC,8,62
HCP,0,0
HCSG,3,3
HCT,5,21
HD,6,10
HDB,5,8
HDS,6,51
HE,1,1
HEES,6,51
HEI,7,34
HEI.A,7,34
HELE,3,16
HES,8,24
HFC,8,24
HGV,6,36
HHC,5,58
HIG,5,14
HII,7,76
HIMS,4,5
HIMX,0,23
HITT,0,23
HIVE,5,60
HIW,5,21
HKD,0,0
HL,2,37
HLF,3,11
HLI,5,17
HLN,3,55
HLNE,5,17
HLT,6,36
HLX,8,47
HMA,3,4
HMC,6,35
HME,5,21
HMHC,4,13
HMNY,0,39
HMSY,3,3
HMY,2,37
HNT,3,4
HNZ,3,33
HOFV,6,31
HOG,6,22
HOLX,3,20
HOME,6,10
HON,7,15
HOOD,4,5
HOSSQ,7,29
HOT,6,36
HOUS,5,58
HOV,6,54
HP,8,24
HPE,0,39
HPP,0,39
HPQ,0,39
HPY,3,3
HQY,3,4
HR,5,21
HRB,3,3
HRC,3,20
HRI,3,3
HRL,3,3
HRTX,3,11
HSAI,7,15
HSBC,5,8
HSH,3,33
HSIC,3,11
HSP,3,11
HST,5,21
HSY,3,33
HTHT,6,36
HTS,5,21
HTSI,3,33
HTT,5,17
HTWR,3,20
HTZ,3,3
HTZGQ,3,3
HUBB,7,15
HUBS,0,0
HUDI,2,6
HUM,3,4
HUN,2,2
HUT,5,60
HUYA,0,0
HWC,5,8
HWM,7,34
HXL,7,34
HYLN,6,35
HYMC,2,37
HZNP,3,7
IAA,6,51
IAC,4,5
IAG,2,37
IART,3,20
IBIO,3,7
IBKC,5,8
IBKR,5,17
IBM,0,39
IBN,5,8
IBP,6,54
IBRX,3,7
ICE,5,17
ICHR,7,38
ICLR,3,4
ICON,6,43
ICPT,3,7
ICUI,3,20
IDA,1,1
IDCC,4,28
IDIX,3,7
IDTI,0,23
IDXX,3,20
IESC,7,48
IEX,7,38
IFF,2,2
IGC,3,11
IGT,6,31
IGTE,0,39
IHS,0,39
IIPR,5,21
ILG,6,36
ILMN,3,7
IM,6,51
IMAX,6,31
IMGN,3,7
IMMU,3,7
IMPV,4,5
IMS,0,0
IMVT,3,7
INCY,3,7
INDO,8,24
INFA,0,0
INFIQ,3,7
INFN,4,28
INFO,3,3
INFY,0,39
ING,5,8
INGN,3,20
INGR,3,33
INMD,3,20
INO,3,7
INOD,0,0
INSG,4,28
INSM,3,7
INSP,3,20
INST,0,0
INTC,0,23
INTEQ,4,28
INTU,0,0
INVA,3,7
INVH,5,21
INVN,0,23
INVX,8,47
INXN,0,0
IOC,8,24
IONQ,0,0
IONS,3,7
IOT,0,0
IOVA,3,7
IP,2,9
IPG,4,30
IPGP,0,23
IPHI,0,23
IPI,2,2
IPOF,9,66
IPXL,3,11
IQ,4,5
IQV,3,4
IR,7,38
IRBTQ,6,46
IRDM,4,28
IREN,5,60
IRF,0,23
IRM,5,21
IRNTQ,5,21
IRT,5,21
IRTC,3,20
IRWD,3,11
IS,0,0
ISBC,5,45
ISEE,3,7
ISIL,0,23
ISRG,3,20
IT,0,39
ITC,1,1
ITCI,3,7
ITGR,3,20
ITMN,3,7
ITRI,7,15
ITT,7,26
ITUB,5,8
ITW,7,26
IVR,5,21
IVVD,3,7
IVZ,5,17
J,7,48
JACK,6,10
JAGX,3,11
JAH,3,16
JASO,8,63
JAZZ,3,11
JBGS,5,21
JBHT,7,29
JBL,7,15
JBLU,6,49
JBS,3,33
JBTM,7,26
JCI,7,56
JD,4,5
JEF,5,17
JHG,5,17
JHX,7,56
JKHY,0,0
JKS,8,63
JLL,5,58
JMEI,4,5
JMIA,4,5
JNJ,3,11
JNPR,4,28
JNS,5,17
JNY,6,43
JOBY,7,34
JOSB,6,10
JOY,7,25
JOYY,4,5
JPM,5,8
JSPR,3,7
JTKWY,4,5
JUNO,3,7
JWN,6,10
JXN,5,14
K,3,33
KATE,6,10
KBH,6,54
KBR,0,39
KC,0,39
KD,0,39
KDMN,3,7
KDP,3,19
KEEL,4,28
KEM,7,15
KERX,3,11
KEX,7,29
KEY,5,8
KEYS,7,15
KGC,2,37
KGS,2,37
KHC,3,33
KIM,5,21
KING,0,0
KITE,3,7
KKD,6,10
KKR,5,79
KL,2,37
KLAC,0,23
KLAR,3,3
KLIC,0,23
KLXE,8,47
KLXI,7,34
KMB,3,16
KMI,8,41
KMPR,5,14
KMR,8,41
KMT,7,53
KMX,6,10
KN,7,15
KNDI,6,22
KNF,6,22
KNSL,5,14
KNX,7,29
KO,3,19
KOD,3,7
KODK,3,7
KOG,8,24
KOS,8,24
KOSS,6,46
KPLT,3,3
KR,3,33
KRC,5,21
KRFT,3,33
KRG,5,21
KRMN,7,34
KRNT,7,38
KRTX,3,7
KRYS,3,7
KS,7,12
KSCP,7,38
KSS,6,10
KSU,7,29
KTB,6,43
KTOS,7,34
KULR,7,15
KVUE,3,55
KVYO,0,0
KXIN,6,10
KYNB,3,7
KYTH,3,7
L,5,14
LAB,7,15
LAC,2,37
LAD,6,10
LAES,6,10
LAMR,5,21
LASR,7,50
LAZ,5,17
LAZRQ,6,27
LBPH,3,11
LBRDA,4,13
LBRDK,4,13
LBRT,8,47
LBTYA,4,13
LBTYK,4,13
LC,-1,-1
LCC,6,49
LCID,6,35
LCINQ,3,11
LDOS,0,39
LDRH,3,20
LEA,6,27
LEAP,4,28
LECO,7,53
LEG,6,46
LEGN,3,7
LEN,6,54
LESL,6,10
LEU,2,37
LEVI,6,43
LFG,8,63
LFIN,5,17
LFUS,7,50
LFWD,3,20
LGF.A,6,31
LGN,3,3
LGND,3,7
LH,3,4
LHCG,3,4
LHO,5,21
LHX,7,34
LI,6,35
LIF,0,0
LIFE,3,20
LII,7,56
LIN,2,2
LINE,5,21
LITE,0,39
LIVN,3,20
LKM,0,0
LKNCY,6,10
LKQ,6,51
LLFLQ,6,10
LLL,7,34
LLTC,0,23
LLY,3,11
LM,5,17
LMCA,4,13
LMCK,4,13
LMND,5,14
LMT,5,14
LN,4,5
LNC,5,14
LNCE,3,33
LNCOQ,8,24
LNG,8,41
LNKD,4,5
LNT,1,1
LNTH,3,20
LNWO,6,31
LO,3,42
LOAR,7,34
LOCK,3,3
LOCO,6,10
LOGC,4,5
LOGI,0,39
LOGM,4,28
LOPE,3,3
LOW,6,10
LOXO,3,7
LPLA,5,17
LPNT,3,4
LPS,3,3
LPSN,0,0
LPT,5,21
LPX,7,56
LQ,6,36
LQDT,4,5
LRCX,0,23
LRN,3,3
LSCC,0,23
LSI,0,23
LSPD,0,0
LSTR,7,29
LTH,6,22
LTHM,2,2
LTM,6,22
LTRPA,6,22
LU,5,17
LUFK,5,17
LULU,6,10
LUMN,4,28
LUMO,3,7
LUNR,7,34
LUV,6,49
LVGO,3,7
LVLT,4,28
LVS,6,36
LW,3,33
LXFT,0,39
LXK,0,39
LYB,2,2
LYFT,4,5
LYG,5,8
LYTHF,6,31
LYV,6,31
M,6,10
MA,5,17
MAA,5,21
MAC,5,21
MAIR,7,56
MAKO,3,20
MAN,3,3
MANH,0,0
MAPP,3,11
MAR,3,11
MARA,5,60
MARK,4,5
MAS,7,56
MASI,3,20
MAT,6,52
MAXR,4,28
MB,0,0
MBBYF,6,27
MBFI,5,8
MBI,5,14
MBLY,6,27
MBT,4,28
MCD,6,10
MCFE,0,39
MCHP,0,23
MCK,3,11
MCO,3,3
MCOM,3,3
MCRB,3,11
MCRS,0,39
MD,3,4
MDB,0,0
MDC,6,54
MDCO,3,7
MDGL,3,11
MDLA,0,0
MDLN,3,20
MDLZ,3,33
MDP,4,13
MDRIQ,8,47
MDRX,0,0
MDSO,0,0
MDT,3,20
MDU,1,32
MDVN,3,7
MDXG,3,20
MED,3,3
MEDP,3,4
MEGL,5,17
MEHCQ,3,4
MELI,4,5
MENT,0,39
MEOH,2,2
MET,5,14
META,4,5
METC,8,62
MFA,5,21
MFC,5,14
MFGP,0,0
MGA,6,27
MGM,6,36
MGNI,4,5
MGNX,3,7
MGP,5,21
MGY,8,24
MHK,7,56
MIC,1,32
MIDD,7,38
MIK,6,10
MIME,4,5
MIR,7,15
MIST,3,11
MJN,3,11
MKC,3,33
MKL,5,14
MKSI,0,23
MKTO,4,5
MKTX,3,3
MKULQ,7,44
MLCO,6,36
MLGO,0,39
MLI,7,18
MLM,7,56
MLNTQ,3,11
MLNX,0,23
MMATQ,0,39
MMM,7,26
MMR,8,24
MMS,0,39
MMSI,3,20
MMYT,4,5
MNDR,4,5
MNDT,4,5
MNDY,0,0
MNKD,3,11
MNKPF,3,11
MNST,3,19
MNTA,3,11
MO,3,42
MOD,7,56
MOG.A,7,34
MOH,3,4
MOLX,7,50
MOMO,4,5
MON,2,2
MORF,3,11
MORN,3,3
MOS,2,2
MOXC,4,5
MP,2,37
MPC,8,24
MPT,5,21
MPWR,0,23
MQ,3,3
MR,3,3
MRC,6,51
MRCY,7,34
MRD,8,24
MRK,3,11
MRNA,3,7
MRO,8,24
MRP,5,21
MRSH,5,14
MRTX,3,7
MRUS,3,11
MRVI,3,7
MRVL,0,23
MS,5,8
MSCC,0,23
MSCI,0,0
MSFT,0,0
MSGN,4,13
MSGS,6,31
MSI,4,28
MSM,6,10
MSTR,0,0
MTB,5,8
MTCH,4,5
MTD,7,15
MTDR,8,24
MTG,5,14
MTGE,5,21
MTH,6,54
MTN,6,31
MTOR,6,27
MTSI,0,23
MTSR,3,7
MTTR,0,0
MTUS,7,18
MTW,7,25
MTZ,7,48
MU,0,23
MUFG,5,8
MULE,0,0
MUR,8,24
MUSA,6,10
MVIS,7,15
MVST,6,27
MWV,7,12
MXIM,0,23
MXL,0,23
MYGN,3,7
MYL,3,11
MYOK,3,11
MYRG,7,48
MYSE,0,39
MZOR,3,20
N,0,0
NARI,0,0
NAT,7,29
NATI,7,15
NAV,6,35
NAVI,5,17
NBEVQ,3,19
NBIS,0,0
NBIX,3,11
NBL,8,24
NBR,8,24
NCLH,6,22
NCNO,0,0
NCTY,0,0
NDAQ,5,17
NDLS,6,10
NDSN,7,38
NE,8,24
NEBLQ,8,24
NEE,1,1
NEGG,4,5
NEM,2,37
NEOG,3,20
NET,0,0
NEU,2,2
NEWR,0,0
NFE,8,41
NFG,1,32
NFLX,4,5
NFX,8,24
NGA,9,66
NGD,2,37
NGG,1,1
NGHC,5,14
NGVT,2,2
NI,1,32
NICE,0,0
NIHDQ,4,28
NIO,6,35
NIU,6,22
NKE,6,43
NKLAQ,6,35
NKTR,3,7
NKTX,3,7
NLSN,3,3
NLY,5,21
NMAX,4,5
NNDM,0,39
NNE,7,25
NNN,5,21
NNOX,3,4
NOC,7,34
NOG,8,24
NOK,4,28
NOV,8,47
NOVAQ,8,63
NOVT,7,50
NOW,0,0
NPSP,3,7
NRDE,5,17
NRF,5,21
NRG,1,1
NRXP,3,7
NSA,5,21
NSAM,5,17
NSC,7,29
NSIT,0,39
NSM,5,17
NSP,3,3
NSR,0,39
NTAP,0,39
NTCOY,6,10
NTCT,0,39
NTES,0,0
NTLA,3,7
NTNX,0,0
NTR,2,2
NTRA,3,20
NTRI,3,3
NTRS,5,8
NTSK,0,39
NU,5,8
NUAI,5,58
NUAN,0,0
NUE,2,6
NUS,6,10
NUVA,3,20
NVA,2,37
NVAX,3,7
NVCR,3,20
NVDA,0,23
NVE,1,1
NVMI,0,23
NVO,3,11
NVR,6,54
NVRO,3,20
NVS,3,11
NVST,3,20
NVT,7,15
NVTAQ,3,4
NVTS,0,23
NWG,5,8
NWL,6,61
NWS,4,13
NWSA,4,13
NXE,2,37
NXPI,0,23
NXST,4,13
NXT,8,63
NXTM,3,20
NXY,8,24
NYT,4,13
NYX,5,17
O,5,21
OA,7,34
OASPQ,7,34
OBE,8,24
OC,7,56
OCGN,3,11
OCLR,4,28
OCR,3,11
ODD,3,11
ODFL,7,29
ODP,6,10
OGE,1,1
OGI,3,11
OGN,3,11
OGS,1,32
OHI,5,21
OI,5,21
OIS,8,47
OKE,8,41
OKLO,1,1
OKTA,0,39
OLED,7,50
OLLI,6,10
OLMA,3,7
OLN,2,2
OLPX,3,55
OMC,4,30
OMCL,3,20
OMF,5,17
OMX,6,10
ON,0,23
ONB,5,8
ONC,3,7
ONCE,3,7
ONDS,7,34
ONEM,0,0
ONIT,5,17
ONON,6,43
ONTO,0,23
ONXX,3,11
OPCH,3,4
OPEN,4,5
OPK,3,4
OPLN,6,51
OPTU,4,13
ORA,1,1
ORBK,7,15
ORCL,0,0
OREXQ,3,11
ORI,5,14
ORLY,6,10
ORPHY,3,7
OSCR,3,4
OSG,5,14
OSH,3,4
OSIS,7,15
OSK,7,25
OSPN,0,39
OTEX,0,0
OTIS,7,38
OTLY,3,33
OUST,0,23
OUT,5,21
OUTR,6,10
OVV,8,24
OWL,5,17
OWW,4,5
OXY,8,24
OZK,5,8
OZON,4,5
OZRK,5,8
P,0,39
PAAS,2,37
PACB,3,20
PACW,5,8
PAG,6,10
PAGP,8,41
PAGS,5,17
PANW,4,5
PARA,4,13
PATH,0,0
PAY,0,39
PAYC,0,0
PAYX,0,0
PB,0,0
PBA,8,41
PBCT,5,45
PBF,8,24
PBH,3,55
PBI,0,39
PBPB,6,10
PBR,8,24
PBR.A,8,24
PBYI,3,7
PCAR,6,35
PCG,1,1
PCL,5,21
PCOR,0,0
PCP,7,18
PCRX,3,11
PCTY,3,3
PCVX,3,11
PCYC,3,11
PD,0,0
PDCE,8,24
PDCO,3,20
PDD,4,5
PDYN,7,38
PE,8,24
PEB,5,21
PECO,5,21
PEG,1,1
PEGA,0,0
PEGI,8,63
PEN,8,63
PENG,0,23
PENN,6,31
PEP,3,19
PETM,6,10
PETS,6,10
PF,3,33
PFE,3,11
PFG,5,14
PFGC,3,33
PFPT,4,5
PG,3,55
PGEN,3,7
PGNPQ,8,24
PGNY,3,3
PGR,5,14
PGRE,5,21
PGY,0,0
PH,7,26
PHH,5,17
PHIN,5,17
PHM,6,54
PHUN,0,0
PI,0,23
PII,6,22
PING,0,39
PINS,4,5
PIRRQ,6,10
PK,5,21
PKG,7,12
PL,0,0
PLAN,4,5
PLAY,6,10
PLBY,6,43
PLCE,6,10
PLCM,4,28
PLD,5,21
PLL,2,37
PLNT,6,22
PLRX,3,7
PLTK,0,0
PLTR,0,0
PLUG,0,0
PM,3,42
PMCS,0,23
PMT,5,21
PNC,5,8
PNFP,5,8
PNK,6,31
PNR,7,44
PNRA,6,10
PNW,1,1
PNY,1,32
PODD,3,20
POET,0,23
POLA,7,25
POLCQ,6,10
POLY,4,28
POM,1,1
PONY,7,29
POOL,6,51
POR,1,1
POSH,4,5
POST,3,33
POT,2,2
POW,2,2
POWL,7,50
PPD,3,4
PPG,2,2
PPL,1,1
PPLI,4,5
PPO,7,26
PPS,5,21
PR,8,24
PRAA,5,17
PRAH,3,11
PRAX,3,7
PRCT,3,20
PRE,5,14
PRFT,4,5
PRGO,3,55
PRI,5,14
PRIM,7,48
PRKS,6,31
PRLB,7,18
PRMB,3,19
PRNB,3,11
PRSP,0,39
PRTA,3,7
PRU,5,14
PRVA,3,4
PRXL,3,3
PS,0,0
PSA,5,21
PSB,5,21
PSEC,5,60
PSFE,3,3
PSKY,4,13
PSN,0,39
PSSI,3,20
PSTH,9,66
PSX,8,24
PTC,0,0
PTCT,3,7
PTEN,8,24
PTGX,3,11
PTHN,3,11
PTLA,3,11
PTLO,6,10
PTON,6,22
PTRAQ,6,35
PUK,5,14
PUMP,8,47
PVAHQ,8,24
PVH,6,43
PVTB,5,8
PVTL,0,0
PWR,3,3
PX,2,2
PXD,8,24
PXP,8,24
PYPL,3,3
PYXSQ,3,42
PZZA,6,10
Q,2,2
QBTS,0,39
QCOM,0,23
QCOR,3,11
QCP,5,21
QDEL,3,20
QEP,8,24
QFIN,5,17
QGEN,3,20
QIHU,4,5
QLIK,0,0
QLYS,0,39
QMCO,0,39
QRVO,0,23
QS,6,27
QSI,3,20
QSR,6,10
QTS,5,21
QTWO,4,5
QUBT,0,0
QUNR,0,0
QURE,3,11
QVCAQ,6,10
QXO,6,10
R,7,29
RAASY,0,0
RACE,6,35
RADCQ,6,10
RAH,3,33
RAI,3,42
RAL,7,15
RAMP,0,0
RAPT,3,7
RARE,3,7
RARX,3,11
RAX,0,0
RBA,6,51
RBC,7,18
RBLX,0,0
RBN,7,38
RBRK,0,39
RCAT,7,34
RCI,4,28
RCKT,3,7
RCL,6,22
RCM,3,3
RCPT,3,11
RDC,8,24
RDDT,4,5
RDFN,5,58
RDN,5,17
RDS.A,8,24
RDS.B,8,24
RDUS,3,7
RDW,7,34
REAL,4,5
REG,5,21
REGI,8,63
REGN,3,7
RELX,3,3
REN,8,24
RES,8,47
RESI,5,21
RETA,3,11
REVRQ,3,55
REXR,5,21
REZI,6,51
RF,5,8
RFMD,4,28
RGA,5,14
RGC,3,7
RGEN,3,20
RGLD,2,37
RGNX,3,7
RGR,7,26
RGTI,0,39
RH,6,10
RHI,3,3
RHP,5,21
RHT,0,0
RICE,8,24
RIG,8,24
RIO,2,37
RIOT,5,60
RITM,5,21
RIVN,6,35
RJF,5,17
RKLB,7,34
RKT,5,17
RL,6,43
RLJ,5,21
RLX,3,42
RLYP,3,11
RMBS,0,23
RMD,3,20
RMO,6,27
RNAM,3,7
RNG,0,0
RNR,5,14
ROC,5,14
ROG,2,2
ROIV,3,7
ROK,7,38
ROKU,4,5
ROL,3,3
ROOT,5,14
ROP,0,0
ROSE,8,24
ROST,6,10
ROVI,0,23
RP,0,0
RPD,0,39
RPM,2,2
RPRX,3,7
RR,7,38
RRC,8,24
RRD,3,3
RRX,7,38
RS,2,6
RSG,7,44
RSPP,8,24
RTN,7,34
RTO,3,3
RTX,7,34
RUM,4,5
RUN,8,63
RVBD,0,39
RVLV,4,5
RVMD,3,7
RVNC,3,11
RVTY,3,20
RXDX,3,7
RXRX,3,7
RXT,0,0
RY,5,8
RYAAY,6,49
RYAM,2,2
RYAN,5,14
RYL,6,54
RYN,5,21
RZLV,0,0
S,0,0
SABR,6,22
SAFM,3,33
SAGE,3,7
SAIA,7,29
SAIC,0,39
SAIL,0,0
SALE,4,5
SAM,3,19
SAN,5,8
SANM,7,15
SAP,0,0
SAPE,4,5
SARO,7,34
SATS,-1,-1
SAVEQ,6,49
SBAC,5,21
SBET,0,0
SBGI,4,13
SBGL,2,37
SBH,6,10
SBLK,7,29
SBNY,5,8
SBRA,5,21
SBS,1,64
SBSW,2,37
SBUX,6,10
SC,5,17
SCCO,2,37
SCG,1,1
SCHW,5,17
SCI,3,3
SCMP,3,11
SCOR,4,30
SCPL,0,0
SCPX,3,11
SCTY,8,63
SD,8,24
SDA,8,24
SDCCQ,3,20
SDGR,0,0
SDRL,0,0
SE,4,5
SEB,3,33
SEDG,8,63
SEE,7,12
SEI,8,47
SEIC,5,17
SEMG,8,41
SENS,3,11
SERV,4,5
SEZL,3,3
SF,5,17
SFD,3,33
SFG,5,14
SFIX,4,5
SFLY,4,5
SFM,3,33
SFR,5,21
SFUNY,4,5
SG,6,10
SGEN,3,7
SGFY,3,4
SGI,6,46
SGMO,-1,-1
SGY,8,24
SGYPQ,3,11
SHAK,6,10
SHAW,7,48
SHEL,8,24
SHLDQ,6,10
SHLS,8,63
SHO,5,21
SHOP,4,5
SHPG,3,7
SHW,2,2
SIAL,2,2
SICP,5,8
SID,2,6
SIDU,4,28
SIEGY,7,26
SIG,6,10
SIGA,3,11
SIMO,0,23
SINA,4,5
SIRI,4,13
SIRO,3,20
SITC,5,21
SITE,6,51
SITM,0,23
SIVBQ,5,8
SIX,5,8
SJI,1,32
SJM,3,33
SKIN,3,55
SKLZ,3,55
SKM,4,28
SKS,6,10
SKT,5,21
SKX,6,43
SKY,6,54
SLAB,0,23
SLAI,5,60
SLB,8,47
SLCA,8,47
SLDP,6,27
SLE,6,31
SLG,5,21
SLH,0,0
SLM,5,17
SLNO,3,7
SLS,3,11
SLXP,3,11
SM,8,24
SMAR,0,0
SMCI,0,39
SMG,6,61
SMMT,3,7
SMR,7,25
SMTC,0,23
SMX,7,26
SN,7,26
SNA,7,53
SNAP,4,5
SNBR,-1,-1
SNDK,0,39
SNDL,3,33
SNECQ,8,24
SNI,4,13
SNOW,0,0
SNPS,0,0
SNTS,3,11
SNV,5,8
SNX,7,15
SNY,3,11
SO,1,1
SOC,8,24
SODA,6,46
SOFI,5,17
SOGO,4,5
SOGP,0,0
SOHU,4,5
SOL,8,63
SOLO,6,35
SOLS,2,2
SOLV,3,20
SONC,6,10
SONO,6,46
SONY,6,46
SOPAQ,4,5
SOS,5,17
SOUN,0,0
SPB,3,16
SPCE,7,34
SPG,5,21
SPGI,3,3
SPHR,4,13
SPIEQ,8,63
SPLK,0,0
SPLS,6,10
SPNC,3,20
SPNX,8,47
SPOT,4,5
SPR,7,34
SPRD,0,23
SPRT,4,5
SPRU,8,63
SPWRQ,8,63
SPXC,7,56
SQM,2,2
SRC,5,21
SRCI,8,24
SRCL,7,44
SRE,1,1
SRNE,3,7
SRPT,3,7
SRRK,3,7
SSB,5,8
SSD,7,56
SSEIQ,8,24
SSM,6,35
SSNC,0,0
SSRM,2,37
SSYS,0,39
ST,7,15
STAA,3,20
STAG,5,21
STE,3,20
STEM,8,63
STI,5,8
STJ,3,20
STL,5,45
STLA,6,35
STLD,2,6
STMP,4,5
STNE,3,3
STNG,7,29
STOR,5,21
STR,1,32
STRL,1,32
STRP,4,28
STRZA,4,13
STT,5,8
STUB,4,5
STWD,5,21
STX,0,39
STZ,3,19
SU,8,24
SUI,5,21
SUM,7,56
SUMO,0,0
SUNB,3,3
SUNEQ,8,63
SUNWQ,8,63
SUPN,3,11
SUSQ,5,8
SUSS,6,10
SVC,5,21
SVU,3,33
SW,7,12
SWAV,3,20
SWBI,7,26
SWC,2,37
SWCH,4,28
SWI,0,0
SWIR,4,28
SWK,7,53
SWKS,0,23
SWMR,0,0
SWN,8,24
SWTX,3,7
SWX,1,32
SWY,3,33
SY,4,5
SYA,5,14
SYF,5,17
SYK,3,20
SYM,7,38
SYNA,0,23
SYNH,3,4
SYT,2,2
SYY,3,33
T,4,28
TA,6,10
TAK,3,11
TAL,3,3
TAP,3,19
TARO,3,11
TASK,0,39
TBCH,7,15
TBIO,3,7
TCBI,5,8
TCF,5,8
TCN,5,58
TCO,5,21
TCOM,4,5
TCRT,3,7
TCSGQ,3,7
TD,5,8
TDC,0,0
TDG,7,34
TDOC,3,4
TDW,8,47
TDY,7,26
TE,8,63
TEAM,0,0
TECD,7,15
TECH,3,20
TECK,2,37
TEG,1,1
TEL,7,15
TELFY,4,28
TELL,8,24
TEM,3,20
TEN,6,27
TENB,0,39
TER,0,23
TERN,3,7
TERP,8,63
TEVA,3,11
TEX,7,25
TFC,5,8
TFCF,4,13
TFCFA,4,13
TFM,3,33
TFX,3,20
TGE,8,41
TGI,7,34
TGNA,4,13
TGT,6,10
TGTX,3,7
THC,3,4
THG,5,14
THI,6,10
THO,6,54
THOR,3,20
THS,3,33
TIBX,4,5
TIE,2,37
TIF,6,10
TIGO,4,28
TIGR,5,17
TIME,4,13
TIVO,6,46
TJX,6,10
TK,7,29
TKAT,4,5
TKO,6,31
TKR,7,18
TLM,8,24
TLN,1,1
TLRDQ,6,10
TLRY,3,11
TM,6,35
TMDX,3,20
TME,4,5
TMH,3,3
TMHC,6,54
TMO,3,20
TMQ,2,37
TMUS,4,28
TMX,3,3
TNDM,3,20
TNET,3,3
TNL,6,36
TOL,6,54
TOON,6,54
TOP,5,17
TOST,3,3
TPG,5,17
TPGY,9,66
TPH,6,54
TPL,8,24
TPR,6,43
TPTX,3,7
TQNT,0,23
TRAK,0,0
TRCO,4,13
TREE,5,17
TREX,7,56
TRGP,8,41
TRI,4,13
TRIP,4,5
TRLA,4,5
TRMB,7,15
TRN,7,26
TRNO,5,21
TRON,6,52
TROO,5,17
TROW,5,17
TROX,2,2
TRP,8,41
TRQ,2,37
TRTN,3,3
TRU,3,3
TRUP,5,14
TRV,5,14
TRW,6,27
TS,7,18
TSCO,6,10
TSE,7,26
TSEM,0,23
TSG,6,31
TSL,8,63
TSLA,6,35
TSM,0,23
TSN,3,33
TSPH,0,0
TSRO,3,11
TSS,3,3
TSU,4,28
TT,7,56
TTAN,0,0
TTC,7,38
TTCFQ,3,33
TTD,4,30
TTE,8,24
TTEK,7,44
TTM,6,35
TTMI,7,15
TTWO,0,0
TU,4,28
TUMI,3,16
TUPBQ,6,61
TUYA,0,0
TV,4,13
TVPT,3,3
TVRD,3,7
TW,5,17
TWC,4,13
TWLO,0,0
TWNK,3,33
TWO,5,21
TWOUQ,3,3
TWST,3,20
TWTC,4,28
TWTR,4,28
TWX,4,13
TXG,3,20
TXN,0,23
TXNM,1,1
TXRH,6,10
TXT,7,26
TYL,0,0
U,0,0
UA,6,43
UAA,6,43
UAL,6,49
UAMY,2,37
UBER,4,5
UBS,5,8
UBSI,5,8
UCAR,6,10
UCTT,0,23
UDR,5,21
UE,5,21
UEC,2,37
UFPI,7,56
UFS,2,9
UGI,1,32
UHAL,3,3
UHS,3,4
UI,4,28
UL,3,55
ULS,3,3
ULTA,6,10
ULTI,0,0
UMBF,5,8
UMC,0,23
UMPQ,5,8
UNH,3,4
UNIT,4,28
UNM,5,14
UNP,7,29
UNS,1,1
UNVR,6,51
UNXLQ,7,15
UPLMQ,8,24
UPS,7,29
UPST,5,17
UPWK,4,5
URBN,6,10
URI,3,3
URS,7,48
USAR,7,48
USB,5,8
USFD,3,33
USG,7,56
UTHR,3,7
UUUU,2,37
UWMC,5,17
V,5,17
VA,6,49
VAC,6,31
VAL,8,24
VALE,2,6
VALE.P,2,6
VALPQ,8,24
VANI,3,20
VAR,3,20
VBIVQ,3,7
VC,6,27
VCRA,0,39
VEEV,0,0
VEON,4,28
VER,5,21
VERI,0,0
VERU,3,7
VET,8,24
VFC,6,43
VFS,6,43
VG,8,41
VGNT,6,27
VHC,4,5
VIAB,4,13
VIAV,4,28
VICI,5,21
VICR,7,15
VIK,6,22
VIPS,4,5
VIR,3,7
VIRT,5,17
VISN,4,28
VIST,8,24
VIV,4,28
VIVS,3,7
VJTTY,0,40
VKTX,3,7
VLDR,6,27
VLO,8,24
VLTO,7,44
VLY,5,8
VMC,7,56
VMED,4,28
VMEO,0,0
VMI,7,18
VMW,0,0
VNE,6,27
VNET,4,5
VNO,5,21
VNOM,8,24
VNT,7,15
VOD,4,28
VOLC,3,20
VOYA,5,17
VOYG,7,34
VPHM,3,11
VR,5,14
VREX,3,20
VRMMQ,6,10
VRN,8,24
VRNA,3,11
VRNS,0,39
VRNT,0,0
VRSK,3,3
VRSN,4,5
VRT,7,25
VRTX,3,7
VSAT,4,28
VSEC,6,51
VSH,7,15
VSI,6,10
VSLR,8,63
VSM,2,2
VSNT,4,13
VST,1,1
VSTO,6,22
VSTS,3,3
VSXY,6,10
VTLE,8,24
VTNRQ,8,24
VTR,5,21
VTRS,3,11
VUZI,0,39
VVC,1,32
VVUSQ,3,11
VVV,3,3
VWR,3,20
VXRT,3,7
VYX,0,39
VZ,4,28
W,4,5
WAB,7,38
WAC,5,17
WAL,5,8
WAT,3,20
WATT,7,50
WAY,0,0
WB,4,5
WBA,6,10
WBC,6,27
WBD,4,13
WBMD,4,5
WBS,5,8
WBT,7,38
WCC,6,51
WCG,3,4
WCN,7,44
WCRX,3,11
WDAY,0,0
WDC,0,39
WDR,5,17
WEC,1,1
WELL,5,21
WEN,6,10
WERN,7,29
WEX,3,3
WFC,5,8
WFM,3,33
WFRD,8,24
WGHTQ,3,3
WGL,1,32
WGO,6,54
WGS,3,4
WH,6,36
WHD,7,38
WHR,6,46
WIMI,6,46
WING,6,10
WINMQ,4,28
WIRE,7,50
WIX,7,50
WK,0,0
WKHS,6,35
WLK,2,2
WLL,8,24
WLTGQ,8,62
WM,7,44
WMB,8,41
WMG,8,41
WMGI,3,20
WMS,7,18
WMT,6,10
WNR,8,24
WNS,0,39
WNW,3,33
WOLF,0,23
WOOF,6,10
WOR,7,18
WORK,0,0
WP,3,3
WPC,5,21
WPGGQ,5,21
WPM,2,37
WPRT,6,27
WPX,8,24
WR,1,1
WRB,5,14
WRBY,6,10
WRD,6,27
WRI,5,21
WRK,7,12
WSC,3,3
WSM,6,10
WSO,6,51
WST,3,20
WTFC,5,8
WTRG,1,64
WTW,5,14
WU,5,17
WUBA,4,5
WULF,5,60
WVE,3,7
WWAV,3,33
WWD,7,15
WWE,4,13
WWW,6,43
WY,5,21
WYNN,5,21
X,2,6
XCOOQ,8,24
XE,1,1
XEC,8,24
XEL,1,1
XELA,0,39
XENE,3,7
XHR,5,21
XIFR,8,63
XL,5,14
XLNX,0,23
XLRN,3,7
XLS,7,34
XM,0,0
XNDU,0,39
XNET,0,0
XOM,8,24
XONE,0,39
XP,5,17
XPEV,6,35
XPO,7,29
XRAY,3,20
XRX,0,40
XWEL,3,3
XYL,7,38
XYZ,3,3
Y,5,14
YELP,4,5
YETI,6,22
YGEHY,7,50
YMM,4,5
YOKU,4,5
YOU,0,0
YPF,8,24
YQ,0,0
YSG,4,5
YUM,6,10
YUMC,6,10
Z,4,5
ZAYO,4,28
ZBH,3,20
ZBRA,0,40
ZD,4,5
ZEN,4,5
ZETA,0,0
ZG,4,5
ZGNX,3,11
ZIM,7,29
ZION,5,8
ZLAB,3,7
ZLC,6,10
ZLTQ,3,20
ZM,0,0
ZNGA,0,0
ZOMDF,3,11
ZS,0,39
ZSPH,3,11
ZTO,7,29
ZTS,3,11
ZU,4,5
ZUO,0,0
